year,Super 20/80 Rotation,CSI 100,ChiNext
2015,1.2722797210,-0.0460287693,0.8528783280
2016,0.0049964126,-0.0749532452,-0.2770728447
2017,0.1603145005,0.3020635864,-0.1067281871
2018,-0.1551610163,-0.2193985761,-0.2864955507
2019,0.3087539869,0.3553565980,0.4378904860
2020,0.6436184050,0.2409078603,0.6496447953
2021,0.1906406729,-0.1054920563,0.1201571948
2022,-0.0551214222,-0.2207039392,-0.2937111175
2023,-0.1430847398,-0.1263813891,-0.1940546292
2024,0.1978137598,0.1415616423,0.1323012045
2025,0.3387620712,0.2044287546,0.4956938657
2026,-0.2148153442,-0.0493570999,0.0267784559
