date,new_position,CSI 100,ChiNext
2015-01-21,ChiNext,3400.4750,1722.5810
2015-04-09,CSI 100,3934.7310,2496.4870
2015-04-10,ChiNext,4000.7560,2552.8290
2015-04-15,CSI 100,4087.1920,2441.7390
2015-04-30,ChiNext,4428.0580,2857.8900
2015-05-05,CSI 100,4284.5260,2783.4430
2015-05-07,ChiNext,4174.6460,2806.0470
2015-06-19,Cash,4049.2520,3314.9760
2015-08-05,ChiNext,3488.2810,2502.0410
2015-08-12,Cash,3593.3230,2622.1880
2015-08-13,ChiNext,3628.0660,2684.2580
2015-08-17,Cash,3602.0510,2666.2870
2015-09-24,CSI 100,3028.4170,2106.5940
2015-09-29,ChiNext,2936.4250,2098.5670
2015-12-03,CSI 100,3417.6060,2708.1230
2015-12-04,ChiNext,3341.0480,2692.1610
2015-12-09,Cash,3306.8150,2667.9120
2015-12-16,ChiNext,3327.0240,2763.1140
2015-12-22,CSI 100,3502.7950,2839.8520
2015-12-31,ChiNext,3388.4190,2714.0480
2016-01-05,Cash,3202.1580,2416.7250
2016-02-16,ChiNext,2820.2940,2201.9250
2016-02-24,Cash,2874.5200,2203.7410
2016-03-02,CSI 100,2859.4890,2017.6040
2016-03-28,ChiNext,2964.4910,2199.6850
2016-04-21,Cash,2975.6140,2110.1620
2016-04-25,CSI 100,2980.1650,2126.8340
2016-04-26,Cash,2990.6660,2155.6970
2016-04-27,CSI 100,2977.4470,2146.6110
2016-04-29,Cash,2967.8940,2138.7380
2016-05-04,ChiNext,3000.8060,2211.0180
2016-05-05,Cash,3001.1040,2224.0950
2016-06-06,ChiNext,2977.1500,2199.3020
2016-07-27,CSI 100,2995.5130,2155.3860
2016-08-02,Cash,2971.9230,2113.2140
2016-08-08,CSI 100,3009.7240,2130.5940
2016-08-10,Cash,3015.3730,2137.0010
2016-08-15,CSI 100,3177.3440,2193.2120
2016-08-30,ChiNext,3083.5470,2195.5310
2016-09-01,CSI 100,3079.9210,2181.3270
2016-09-07,ChiNext,3110.8850,2212.0530
2016-09-13,Cash,3044.3260,2145.8680
2016-10-11,ChiNext,3085.4930,2210.8620
2016-10-14,Cash,3087.7170,2194.2270
2016-10-19,CSI 100,3097.4900,2184.9110
2016-10-20,ChiNext,3099.6390,2193.2560
2016-10-24,CSI 100,3153.7370,2200.8040
2016-12-16,Cash,3168.8080,1998.1130
2017-01-17,CSI 100,3184.6090,1867.8680
2017-02-23,ChiNext,3304.9190,1925.9510
2017-03-30,CSI 100,3268.1710,1893.7010
2017-04-26,Cash,3297.5110,1820.4800
2017-04-28,CSI 100,3287.3880,1850.7340
2017-05-04,Cash,3262.7190,1838.1040
2017-05-16,CSI 100,3325.1380,1814.9410
2017-06-30,ChiNext,3608.6590,1818.0670
2017-07-03,CSI 100,3582.7570,1835.9860
2017-07-05,ChiNext,3591.7650,1836.6310
2017-07-06,CSI 100,3593.0600,1838.9950
2017-07-07,ChiNext,3579.8210,1835.4390
2017-07-12,CSI 100,3610.7290,1786.7460
2017-08-11,Cash,3583.2580,1742.1390
2017-08-15,ChiNext,3626.9190,1798.5690
2017-09-14,CSI 100,3742.5960,1879.2520
2017-09-18,ChiNext,3755.7780,1894.8020
2017-10-09,CSI 100,3814.7830,1889.8380
2017-10-11,ChiNext,3843.6900,1901.5510
2017-10-12,CSI 100,3856.8400,1899.9860
2017-12-08,Cash,4050.9120,1792.1550
2017-12-12,CSI 100,4059.3240,1798.6910
2017-12-13,Cash,4098.1430,1806.0900
2017-12-14,CSI 100,4073.7640,1794.3440
2017-12-15,Cash,4020.9420,1783.9730
2017-12-27,CSI 100,4044.9720,1745.2360
2017-12-28,Cash,4077.8850,1745.0170
2017-12-29,CSI 100,4081.2480,1752.6520
2018-01-04,ChiNext,4180.5170,1794.6090
2018-01-05,CSI 100,4198.4760,1801.4180
2018-02-08,Cash,4171.9330,1641.4310
2018-03-07,ChiNext,4137.1610,1785.2700
2018-04-11,Cash,4007.7900,1834.6260
2018-04-25,ChiNext,3897.1030,1819.4060
2018-04-27,Cash,3809.3300,1805.5960
2018-05-09,ChiNext,3920.6590,1855.8090
2018-05-15,CSI 100,3977.8980,1858.0110
2018-05-16,ChiNext,3936.0950,1846.6750
2018-05-17,CSI 100,3907.4320,1831.2040
2018-05-23,ChiNext,3884.4950,1845.9730
2018-05-28,Cash,3873.6720,1796.9130
2018-05-29,CSI 100,3847.5920,1773.6460
2018-05-31,Cash,3860.9720,1743.7430
2018-06-01,CSI 100,3838.3090,1709.5480
2018-06-08,Cash,3863.8980,1711.5220
2018-07-18,ChiNext,3507.3450,1607.8840
2018-07-30,CSI 100,3634.6850,1559.6410
2018-08-06,Cash,3410.1720,1440.7960
2018-08-31,CSI 100,3487.9830,1435.2000
2018-09-06,Cash,3401.2620,1422.8700
2018-09-17,CSI 100,3373.8150,1349.7760
2018-09-18,Cash,3443.8280,1377.3030
2018-09-20,CSI 100,3488.2770,1387.6190
2018-10-09,Cash,3478.5530,1345.9530
2018-10-10,CSI 100,3474.4240,1346.7040
2018-10-11,Cash,3331.3070,1261.8830
2018-10-15,CSI 100,3358.4180,1250.2180
2018-10-16,Cash,3352.7330,1216.6870
2018-10-22,CSI 100,3522.1180,1314.9450
2018-10-25,Cash,3438.1210,1273.6030
2018-11-07,ChiNext,3429.7740,1345.7680
2018-11-08,Cash,3428.9740,1329.5910
2018-11-09,ChiNext,3366.8620,1322.8310
2018-12-03,Cash,3449.9880,1372.7940
2018-12-04,ChiNext,3455.8660,1378.7540
2018-12-11,Cash,3341.5960,1338.0790
2019-01-21,CSI 100,3377.2280,1274.7890
2019-02-19,ChiNext,3629.9000,1406.0370
2019-04-08,CSI 100,4209.2390,1739.6550
2019-05-07,Cash,3957.3260,1504.1640
2019-06-12,CSI 100,3944.8430,1473.9010
2019-06-14,Cash,3910.9840,1453.9580
2019-06-18,CSI 100,3927.6430,1455.7460
2019-07-16,ChiNext,4077.0050,1545.2730
2019-07-30,Cash,4152.3170,1580.1290
2019-07-31,ChiNext,4109.8370,1570.3930
2019-08-07,Cash,3882.1440,1500.2510
2019-08-09,ChiNext,3905.2080,1507.7060
2019-08-12,Cash,3976.2910,1539.9130
2019-08-16,ChiNext,3974.7540,1567.9930
2019-09-27,CSI 100,4114.7140,1647.5330
2019-10-08,ChiNext,4110.7770,1616.5840
2019-10-09,CSI 100,4113.0360,1622.4150
2019-10-11,Cash,4182.3680,1666.8340
2019-10-14,CSI 100,4223.3790,1679.3780
2019-10-16,Cash,4202.4990,1656.3720
2019-10-18,CSI 100,4143.1810,1648.6250
2019-10-21,Cash,4160.0710,1644.5080
2019-10-23,CSI 100,4144.0480,1650.2900
2019-10-24,Cash,4145.3910,1653.8650
2019-10-29,CSI 100,4176.0920,1686.5800
2019-11-01,ChiNext,4234.5160,1686.9980
2019-11-04,CSI 100,4258.4220,1699.9190
2019-11-06,ChiNext,4266.8660,1703.0170
2019-11-08,CSI 100,4244.0780,1711.2160
2019-11-11,ChiNext,4171.3220,1673.1290
2019-11-12,Cash,4173.0820,1671.4420
2019-11-13,ChiNext,4166.6390,1681.7940
2019-11-26,Cash,4138.1320,1679.0820
2019-11-29,ChiNext,4063.9470,1664.8960
2019-12-02,Cash,4071.1670,1669.5360
2019-12-09,ChiNext,4123.4920,1721.0710
2020-03-13,Cash,3975.9210,2030.5800
2020-04-15,ChiNext,3890.7940,1977.5150
2020-04-20,CSI 100,3945.9600,2043.4370
2020-04-21,ChiNext,3896.8870,2023.9420
2020-08-10,Cash,4663.7260,2735.2560
2020-08-14,CSI 100,4684.4670,2668.7120
2020-08-21,Cash,4711.0550,2632.4520
2020-08-24,CSI 100,4741.6480,2684.6290
2020-09-14,Cash,4702.7800,2572.6010
2020-09-21,CSI 100,4732.7680,2569.2190
2020-09-22,Cash,4681.2260,2555.5440
2020-10-13,CSI 100,4866.7720,2784.7170
2020-10-14,ChiNext,4845.1610,2764.2440
2020-10-26,CSI 100,4796.1600,2617.7430
2020-10-27,ChiNext,4786.5310,2650.7640
2020-11-09,CSI 100,5082.6140,2813.9980
2020-12-16,ChiNext,5091.9070,2760.6400
2021-01-20,CSI 100,5619.1830,3204.9320
2021-01-21,ChiNext,5705.3410,3283.7210
2021-02-02,CSI 100,5652.8260,3228.6980
2021-02-03,ChiNext,5651.4450,3223.7660
2021-02-22,CSI 100,5772.1440,3138.6720
2021-02-26,Cash,5531.5290,2914.1130
2021-04-07,ChiNext,5249.8350,2807.2010
2021-04-13,Cash,5092.6400,2742.8520
2021-04-14,ChiNext,5121.8530,2804.4090
2021-07-27,Cash,4592.4260,3232.8390
2021-07-30,ChiNext,4593.6450,3440.1820
2021-08-10,Cash,4858.1390,3468.6700
2021-08-25,ChiNext,4656.8370,3348.6620
2021-08-27,Cash,4581.9920,3257.0720
2021-09-13,CSI 100,4771.5260,3194.2750
2021-09-14,Cash,4693.4840,3236.5470
2021-09-15,CSI 100,4632.3690,3200.3990
2021-09-16,Cash,4608.1810,3128.8450
2021-09-22,CSI 100,4606.7200,3164.3280
2021-09-24,Cash,4634.1580,3207.8170
2021-09-28,CSI 100,4730.2400,3211.4540
2021-10-19,ChiNext,4807.5500,3297.2930
2021-10-22,CSI 100,4876.8530,3284.9110
2021-10-26,ChiNext,4839.4890,3327.5370
2021-12-07,CSI 100,4774.6590,3368.7840
2022-01-06,Cash,4687.4350,3127.4800
2022-04-07,ChiNext,4138.1930,2578.5330
2022-04-08,Cash,4163.0400,2569.9110
2022-04-11,CSI 100,4046.4670,2462.0430
2022-04-12,Cash,4128.9690,2523.6940
2022-04-14,CSI 100,4153.4620,2466.2930
2022-04-19,Cash,4076.2060,2453.5450
2022-05-24,ChiNext,3890.5300,2318.0750
2022-07-22,Cash,4158.7760,2737.3140
2022-08-18,ChiNext,4108.9000,2775.8210
2022-08-22,Cash,4113.1600,2779.0150
2022-08-23,ChiNext,4093.3410,2780.3060
2022-08-25,Cash,4037.3920,2667.3010
2022-09-01,CSI 100,3952.5350,2533.8540
2022-09-02,Cash,3932.1300,2533.0230
2022-10-24,ChiNext,3517.3280,2336.8380
2022-10-25,Cash,3507.4560,2314.5510
2022-10-27,ChiNext,3509.0700,2337.2530
2022-10-31,Cash,3374.8650,2265.0780
2022-11-03,ChiNext,3515.0200,2376.0610
2022-11-14,Cash,3667.9240,2375.2070
2022-11-16,CSI 100,3712.8000,2402.9050
2022-12-30,Cash,3735.0990,2346.7670
2023-01-06,CSI 100,3859.6280,2422.1410
2023-01-10,ChiNext,3898.0450,2474.0050
2023-02-20,Cash,4020.9740,2480.7940
2023-02-22,CSI 100,3989.1990,2451.8980
2023-02-23,Cash,3986.2020,2457.4820
2023-04-04,ChiNext,3951.0320,2421.6550
2023-04-11,CSI 100,3972.7950,2439.3960
2023-04-12,ChiNext,3972.8190,2429.2930
2023-04-20,CSI 100,3969.9740,2386.6740
2023-04-24,Cash,3842.1940,2301.2380
2023-06-19,CSI 100,3766.2530,2265.1850
2023-06-20,Cash,3765.9780,2271.4190
2023-06-21,ChiNext,3709.2170,2211.8360
2023-06-26,CSI 100,3667.4270,2186.2530
2023-06-27,Cash,3701.6690,2191.8280
2023-06-28,CSI 100,3696.9200,2182.0950
2023-07-07,ChiNext,3660.6530,2169.2080
2023-07-18,Cash,3697.3380,2200.6190
2023-07-26,CSI 100,3749.0120,2191.1690
2023-08-14,Cash,3687.7470,2164.6930
2023-09-19,CSI 100,3565.7610,2002.6650
2023-09-20,Cash,3549.4810,1987.2960
2023-09-21,CSI 100,3514.5450,1967.6070
2023-09-22,Cash,3587.6930,2013.3440
2023-09-25,CSI 100,3560.9910,2005.2550
2023-09-26,Cash,3532.8800,1989.8280
2023-11-07,ChiNext,3453.9580,2022.7660
2023-11-10,Cash,3418.5050,2005.2350
2023-11-13,ChiNext,3410.0270,2009.2140
2023-11-28,Cash,3334.7590,1938.4230
2024-01-04,CSI 100,3178.2470,1801.7610
2024-01-05,Cash,3162.0330,1775.5770
2024-01-26,CSI 100,3163.5320,1682.4780
2024-01-29,Cash,3127.2360,1623.8120
2024-02-07,CSI 100,3183.1180,1707.0200
2024-02-28,ChiNext,3263.5970,1748.9700
2024-02-29,CSI 100,3326.7050,1807.0340
2024-03-04,ChiNext,3352.8920,1834.8330
2024-03-29,CSI 100,3373.8630,1818.2030
2024-04-03,ChiNext,3416.8220,1840.4120
2024-04-08,CSI 100,3389.7000,1807.0480
2024-04-10,ChiNext,3356.5280,1789.9410
2024-04-11,Cash,3352.7660,1782.0850
2024-04-16,CSI 100,3368.2810,1760.2000
2024-04-17,Cash,3414.6680,1797.3110
2024-04-18,CSI 100,3412.8770,1787.4890
2024-04-22,Cash,3378.2320,1750.4630
2024-04-25,CSI 100,3368.0060,1764.7270
2024-04-26,Cash,3421.4870,1823.7410
2024-04-29,CSI 100,3460.4480,1887.5710
2024-04-30,ChiNext,3435.1880,1858.3930
2024-05-07,CSI 100,3500.0710,1892.5390
2024-05-10,ChiNext,3504.4530,1878.1650
2024-05-13,CSI 100,3499.4680,1860.3660
2024-05-15,ChiNext,3457.7240,1838.8870
2024-05-30,CSI 100,3421.5320,1813.1550
2024-05-31,Cash,3400.5790,1805.1090
2024-07-19,CSI 100,3394.2600,1725.4870
2024-07-24,Cash,3272.1080,1650.9080
2024-08-01,ChiNext,3260.8530,1665.9730
2024-08-05,Cash,3188.0040,1607.2880
2024-09-25,ChiNext,3272.6570,1641.5420
2024-11-06,Cash,3827.2860,2265.8330
2024-11-07,CSI 100,3922.2800,2350.7600
2024-11-08,ChiNext,3890.1900,2321.5870
2024-11-19,Cash,3761.3680,2256.6070
2024-11-20,ChiNext,3768.8130,2267.8550
2024-11-25,Cash,3630.0760,2175.1840
2024-11-28,ChiNext,3644.8930,2169.8030
2024-12-04,Cash,3694.2910,2213.4060
2024-12-17,ChiNext,3697.8710,2201.1810
2024-12-18,Cash,3720.9980,2202.1370
2024-12-23,ChiNext,3718.6330,2187.9450
2024-12-24,CSI 100,3765.7090,2213.5480
2025-01-03,Cash,3589.4380,2015.9670
2025-02-10,ChiNext,3714.9990,2183.8770
2025-03-10,CSI 100,3770.1440,2199.8770
2025-03-12,ChiNext,3763.3910,2191.2680
2025-03-13,CSI 100,3748.9090,2166.0040
2025-03-24,Cash,3776.4820,2152.5550
2025-03-26,CSI 100,3757.6980,2139.9020
2025-03-27,Cash,3771.1100,2145.0950
2025-03-31,CSI 100,3728.9240,2103.6990
2025-04-03,Cash,3690.8870,2065.4030
2025-05-09,ChiNext,3694.5980,2011.7670
2025-06-11,Cash,3707.9410,2061.8670
2025-06-16,ChiNext,3683.7300,2057.3230
2025-06-20,Cash,3656.3460,2009.8930
2025-06-25,ChiNext,3750.8620,2128.3920
2025-10-14,CSI 100,4379.3060,2955.9830
2025-10-16,ChiNext,4459.9070,3037.4420
2025-10-17,CSI 100,4356.5410,2935.3700
2025-10-30,ChiNext,4556.9840,3263.0220
2025-10-31,CSI 100,4489.2130,3187.5330
2025-11-05,Cash,4468.4210,3166.2310
2025-11-10,ChiNext,4537.5690,3178.8270
2025-11-19,Cash,4457.7640,3076.8450
2025-11-20,CSI 100,4426.8570,3042.3410
2025-11-21,Cash,4320.5950,2920.0780
2025-12-09,ChiNext,4472.2900,3209.6030
2025-12-12,Cash,4462.4320,3194.3590
2025-12-15,ChiNext,4425.6110,3137.8010
2026-01-09,CSI 100,4648.2800,3327.8130
2026-01-13,ChiNext,4638.9640,3321.8890
2026-01-22,CSI 100,4622.8750,3328.6470
2026-01-23,ChiNext,4602.7370,3349.5030
2026-01-30,CSI 100,4615.9320,3346.3550
2026-02-02,ChiNext,4492.3490,3264.1110
2026-02-03,Cash,4552.4280,3324.8920
2026-02-04,ChiNext,4591.6510,3311.5150
2026-02-05,Cash,4558.2430,3260.2780
2026-02-26,ChiNext,4621.0710,3344.9820
2026-03-02,Cash,4628.8580,3294.1610
2026-03-03,CSI 100,4540.6950,3209.4820
2026-03-04,Cash,4492.1070,3164.3710
2026-03-11,CSI 100,4600.4420,3349.5290
2026-03-13,ChiNext,4559.6610,3310.2780
2026-03-18,Cash,4553.2870,3346.3650
2026-03-19,ChiNext,4467.2820,3309.1030
2026-03-24,Cash,4358.6700,3251.5450
2026-04-02,ChiNext,4350.6820,3172.6490
2026-04-03,Cash,4310.0370,3149.5960
2026-04-09,ChiNext,4452.4750,3323.2990
2026-04-10,Cash,4524.4780,3448.7870
2026-04-13,ChiNext,4541.8290,3476.4400
2026-06-09,Cash,4659.4480,3961.7490
2026-06-10,ChiNext,4598.6420,3854.7930
2026-06-11,Cash,4578.1180,3811.2460
2026-06-16,ChiNext,4732.5510,4102.9420
2026-07-03,Cash,4698.2480,4019.9340
2026-07-08,ChiNext,4624.3750,3845.3510
2026-07-09,Cash,4761.8090,4018.1740
2026-07-10,ChiNext,4637.3860,3842.7310
2026-07-13,CSI 100,4569.0500,3723.5170
2026-07-14,Cash,4686.6940,3851.1370
2026-08-11,CSI 100,4553.6600,3549.1640
2026-08-12,Cash,4585.2310,3602.0830
2026-08-17,ChiNext,4631.7000,3740.1570
2026-08-20,Cash,4476.5050,3495.5890
2026-08-24,ChiNext,4442.4720,3431.8850
2026-08-25,Cash,4428.8630,3397.5150
2026-08-26,ChiNext,4464.9380,3414.8830
2026-09-02,Cash,4382.8190,3312.2430
2026-09-23,ChiNext,4347.0390,3379.6100
2026-09-24,Cash,4265.0280,3288.9480
